datetime,author,title,url,domain
2020-07-16 12:00:12,saad_mohammed,"Having trouble with this Error. """"AttributeError: module 'cmd' has no attribute 'Cmd'"""". Surfed through internet for atleast 9 hours but didn't find any solution",https://www.reddit.com/r/learnpython/comments/hs6wg7/having_trouble_with_this_error_attributeerror/,self-post
2020-07-16 11:42:56,Gloriyaki,Can I get some help with these programming questions?,https://www.reddit.com/r/learnpython/comments/hs6ppt/can_i_get_some_help_with_these_programming/,self-post
2020-07-16 11:27:50,Vaxivop,Webscraping from curseforge.,https://www.reddit.com/r/learnpython/comments/hs6jxa/webscraping_from_curseforge/,self-post
2020-07-16 11:00:17,alex02px2020,How do you hide pictures?,https://www.reddit.com/r/learnpython/comments/hs697x/how_do_you_hide_pictures/,self-post
2020-07-16 10:54:38,RedRedditor84,Comprehension,https://www.reddit.com/r/learnpython/comments/hs674b/comprehension/,self-post
2020-07-16 10:50:47,K1ngHutch,"In this code, IDLE says that in line 24 ""elava2"" is referenced before assignment, but in line 12 I assign it to either 1.25 or 1",https://www.reddit.com/r/learnpython/comments/hs65q1/in_this_code_idle_says_that_in_line_24_elava2_is/,self-post
2020-07-16 10:49:22,nyogev,New to python. and trying something with opencv and arduino,https://www.reddit.com/r/learnpython/comments/hs657q/new_to_python_and_trying_something_with_opencv/,self-post
2020-07-16 10:47:17,Abhigyan9652,Return vs Print,https://www.reddit.com/r/learnpython/comments/hs64gi/return_vs_print/,self-post
2020-07-16 10:46:23,Craw9,"30 days of coding, day 24",https://www.reddit.com/r/learnpython/comments/hs645x/30_days_of_coding_day_24/,self-post
2020-07-16 10:31:32,takeiteasyamigo,"Just finished ""Automate The Boring Stuff With Python''. What next?",https://www.reddit.com/r/learnpython/comments/hs5ypr/just_finished_automate_the_boring_stuff_with/,self-post
2020-07-16 10:10:33,tumblatum,Why int and float are two different data types in Python (any programming language)?,https://www.reddit.com/r/learnpython/comments/hs5qy2/why_int_and_float_are_two_different_data_types_in/,self-post
2020-07-16 10:05:31,dubufeetfak,trying to get my younger brother into programing,https://www.reddit.com/r/learnpython/comments/hs5oz8/trying_to_get_my_younger_brother_into_programing/,self-post
2020-07-16 10:02:28,Elegant_Landscape,Where to begin with?,https://www.reddit.com/r/learnpython/comments/hs5nso/where_to_begin_with/,self-post
2020-07-16 09:50:40,CT-2020,"Looking to get into python, where to start learning online?",https://www.reddit.com/r/learnpython/comments/hs5jd0/looking_to_get_into_python_where_to_start/,self-post
2020-07-16 09:50:38,Skarvie,Python question,https://www.reddit.com/r/learnpython/comments/hs5jc8/python_question/,self-post
2020-07-16 09:38:45,1ToM14,Closing a process,https://www.reddit.com/r/learnpython/comments/hs5esh/closing_a_process/,self-post
2020-07-16 09:26:11,isameer920,Is there some place I can find map and filter practice problems?,https://www.reddit.com/r/learnpython/comments/hs59qt/is_there_some_place_i_can_find_map_and_filter/,self-post
2020-07-16 09:23:19,PuffTheMagicDragon11,Help removing 'null' from json output,https://www.reddit.com/r/learnpython/comments/hs58mi/help_removing_null_from_json_output/,self-post
2020-07-16 08:45:14,div_of_transport,How to get an object's metadata directly?,https://www.reddit.com/r/learnpython/comments/hs4tah/how_to_get_an_objects_metadata_directly/,self-post
2020-07-16 08:30:44,vignesh-2002,how to improve image quality?,https://www.reddit.com/r/learnpython/comments/hs4ngg/how_to_improve_image_quality/,self-post
2020-07-16 08:30:21,MyNamesNotReallyDave,Weekly newsletter generator,https://www.reddit.com/r/learnpython/comments/hs4nbp/weekly_newsletter_generator/,self-post
2020-07-16 08:14:58,peterking2000,need some help,https://www.reddit.com/r/learnpython/comments/hs4h12/need_some_help/,self-post
2020-07-16 08:02:39,_The_Editor_,Raspberry Pi and Virtual Environments - can anyone walk me through the basics?,https://www.reddit.com/r/learnpython/comments/hs4bwe/raspberry_pi_and_virtual_environments_can_anyone/,self-post
2020-07-16 07:58:24,InfiTualEr,"tried to run a notebook on a different machine, got this warning",https://www.reddit.com/r/learnpython/comments/hs4a41/tried_to_run_a_notebook_on_a_different_machine/,self-post
2020-07-16 07:56:03,Hussain_Mujtaba,Python Tutorial on Part of speech tagging using Hidden Markov model and optimizing it with the Viterbi algorithm,https://www.reddit.com/r/learnpython/comments/hs494v/python_tutorial_on_part_of_speech_tagging_using/,self-post
2020-07-16 07:49:33,utkarshyadavin,Searching the best task queue in python || Celery vs Huey vs RQ vs any other good alternative,https://www.reddit.com/r/learnpython/comments/hs46et/searching_the_best_task_queue_in_python_celery_vs/,self-post
2020-07-16 07:27:57,_Strokes_,How can I store the output of a generator into a variable?,https://www.reddit.com/r/learnpython/comments/hs3x86/how_can_i_store_the_output_of_a_generator_into_a/,self-post
2020-07-16 07:13:21,vegphys,Empty values in Pandas data frame with np.NaN != '' or r '^\s*$' in Google Colab?,https://www.reddit.com/r/learnpython/comments/hs3quh/empty_values_in_pandas_data_frame_with_npnan_or_r/,self-post
2020-07-16 07:04:10,TrainquilOasis1423,Looking for a little guidance.,https://www.reddit.com/r/learnpython/comments/hs3mpe/looking_for_a_little_guidance/,self-post
2020-07-16 07:03:51,vignesh-2002,can't able to view all visible colours,https://www.reddit.com/r/learnpython/comments/hs3mjo/cant_able_to_view_all_visible_colours/,self-post
2020-07-16 07:02:48,QLZX,"I desperately want to learn Tensorflow, but I think I need one-on-one tutoring to understand it. Where can I find someone to help me with this?",https://www.reddit.com/r/learnpython/comments/hs3m1q/i_desperately_want_to_learn_tensorflow_but_i/,self-post
2020-07-16 07:02:23,LessSpeaker4,how to pass C# winforms application textbox(variable).Text to Python script without IronPython,https://www.reddit.com/r/learnpython/comments/hs3lv0/how_to_pass_c_winforms_application/,self-post
2020-07-16 06:53:31,AdmiringTheMonaLisa,502 Server error when trying to scrape reddit,https://www.reddit.com/r/learnpython/comments/hs3hwv/502_server_error_when_trying_to_scrape_reddit/,self-post
2020-07-16 06:48:46,mxu8,Program not printing in while loop,https://www.reddit.com/r/learnpython/comments/hs3fpq/program_not_printing_in_while_loop/,self-post
2020-07-16 06:46:32,yaboy1_,"Why do I have to return for a special method, not print?",https://www.reddit.com/r/learnpython/comments/hs3epm/why_do_i_have_to_return_for_a_special_method_not/,self-post
2020-07-16 06:34:46,chuckchuck2k,Is there a way to create or modify user in Active Directory using Python?,https://www.reddit.com/r/learnpython/comments/hs394k/is_there_a_way_to_create_or_modify_user_in_active/,self-post
2020-07-16 06:32:37,PureNothingnesss,Need a bit of help understanding something,https://www.reddit.com/r/learnpython/comments/hs382i/need_a_bit_of_help_understanding_something/,self-post
2020-07-16 06:23:58,chiglazz,Any Python tutorials that are fun to watch?,https://www.reddit.com/r/learnpython/comments/hs33wv/any_python_tutorials_that_are_fun_to_watch/,self-post
2020-07-16 06:23:14,Flounder_Commercial,Help with Pandas Code (Not Outputting as Expected),https://www.reddit.com/r/learnpython/comments/hs33jy/help_with_pandas_code_not_outputting_as_expected/,self-post
2020-07-16 06:18:20,PureNothingnesss,"Python Crash Course Chapter 9, Question 15",https://www.reddit.com/r/learnpython/comments/hs316y/python_crash_course_chapter_9_question_15/,self-post
2020-07-16 06:17:11,MrD4ve,Need help.Can anyone guide me through this please thank you,https://www.reddit.com/r/learnpython/comments/hs30ns/need_helpcan_anyone_guide_me_through_this_please/,self-post
2020-07-16 06:08:53,EddFromEdEddnEddy,"Getting ""list index out of range"" error, but I shouldn't be",https://www.reddit.com/r/learnpython/comments/hs2wox/getting_list_index_out_of_range_error_but_i/,self-post
2020-07-16 05:53:17,liberal_poop6969,"Unhashable type: ""List"" error..",https://www.reddit.com/r/learnpython/comments/hs2ox9/unhashable_type_list_error/,self-post
2020-07-16 05:53:15,vifrac,Ruby VS Python,https://www.reddit.com/r/learnpython/comments/hs2owg/ruby_vs_python/,self-post
2020-07-16 05:37:45,MGallus,Preparing for a Technical Presentation interview.,https://www.reddit.com/r/learnpython/comments/hs2gy9/preparing_for_a_technical_presentation_interview/,self-post
2020-07-16 05:36:03,Yeeich,Operator not in,https://www.reddit.com/r/learnpython/comments/hs2g0m/operator_not_in/,self-post
2020-07-16 05:32:36,gotmilshtein,"Checking if words in text file if they end with the letter ""o""",https://www.reddit.com/r/learnpython/comments/hs2ea8/checking_if_words_in_text_file_if_they_end_with/,self-post
2020-07-16 05:26:56,turtleboy1082005,How to make a turtle go a random speed?,https://www.reddit.com/r/learnpython/comments/hs2bcm/how_to_make_a_turtle_go_a_random_speed/,self-post
2020-07-16 05:15:52,philthycheesesteak,New to Python,https://www.reddit.com/r/learnpython/comments/hs25i5/new_to_python/,self-post
2020-07-16 04:24:00,pumegaming,How do i do this: read wav file and measure decibel,https://www.reddit.com/r/learnpython/comments/hs1ef4/how_do_i_do_this_read_wav_file_and_measure_decibel/,self-post
2020-07-16 04:11:49,TXAGZ16,Are some websites 'unscrapable'?,https://www.reddit.com/r/learnpython/comments/hs17yy/are_some_websites_unscrapable/,self-post
2020-07-16 04:05:08,RamaNukes,Python on Atom: Classes,https://www.reddit.com/r/learnpython/comments/hs14f6/python_on_atom_classes/,self-post
2020-07-16 04:04:21,themashedup1,gspread reaching quota of write requests,https://www.reddit.com/r/learnpython/comments/hs13z9/gspread_reaching_quota_of_write_requests/,self-post
2020-07-16 03:54:41,jetlijetski,Help with PySimpleGUI!,https://www.reddit.com/r/learnpython/comments/hs0yof/help_with_pysimplegui/,self-post
2020-07-16 03:40:26,MumsTheWord2433,Looking for python book,https://www.reddit.com/r/learnpython/comments/hs0qvh/looking_for_python_book/,self-post
2020-07-16 03:32:57,SubstantialIce2,I feel like im not progressing in PYTHON!,https://www.reddit.com/r/learnpython/comments/hs0mud/i_feel_like_im_not_progressing_in_python/,self-post
2020-07-16 03:31:54,Redditor728292,How do I make my code print the amount for each duplicate letter?,https://www.reddit.com/r/learnpython/comments/hs0mal/how_do_i_make_my_code_print_the_amount_for_each/,self-post
2020-07-16 03:28:15,GimpyBasher,Getting a syntax error when trying to define an asynch function,https://www.reddit.com/r/learnpython/comments/hs0k6z/getting_a_syntax_error_when_trying_to_define_an/,self-post
2020-07-16 03:26:52,throwaway_cse,How can I use MP pool to process a large csv file and write to a dict,https://www.reddit.com/r/learnpython/comments/hs0jaz/how_can_i_use_mp_pool_to_process_a_large_csv_file/,self-post
2020-07-16 03:19:56,DrBobHope,Looking for a tutorial how to develop apps in python with appium,https://www.reddit.com/r/learnpython/comments/hs0ffu/looking_for_a_tutorial_how_to_develop_apps_in/,self-post
2020-07-16 03:19:10,staylor1490,"What is the error ""ResultSet object has no attribute 'find_all'""?",https://www.reddit.com/r/learnpython/comments/hs0f10/what_is_the_error_resultset_object_has_no/,self-post
2020-07-16 03:16:34,chop_hop_tEh_barrel,ELI5 - Why do we create virtual environments and git repositories to deploy apps?,https://www.reddit.com/r/learnpython/comments/hs0dl5/eli5_why_do_we_create_virtual_environments_and/,self-post
2020-07-16 03:11:32,w0lfcat,"Web form login with Selenium, but there is no `id` or `name` parameter in it",https://www.reddit.com/r/learnpython/comments/hs0awy/web_form_login_with_selenium_but_there_is_no_id/,self-post
2020-07-16 03:09:06,ChickenAcrossTheRoad,Cannot install numpy or any other package in pycharm or cmd.,https://www.reddit.com/r/learnpython/comments/hs09l9/cannot_install_numpy_or_any_other_package_in/,self-post
2020-07-16 02:38:01,JeBoiFoosey,Only print select lines of a JSON response.,https://www.reddit.com/r/learnpython/comments/hrzsd0/only_print_select_lines_of_a_json_response/,self-post
2020-07-16 02:36:16,kosar7,Need help creating test and train data set from groupby dataframe,https://www.reddit.com/r/learnpython/comments/hrzraj/need_help_creating_test_and_train_data_set_from/,self-post
2020-07-16 02:33:10,Deacon_Black,A bit confused on how to solve relative import issues,https://www.reddit.com/r/learnpython/comments/hrzpjk/a_bit_confused_on_how_to_solve_relative_import/,self-post
2020-07-16 02:30:57,ssjaseh_3rd,Brackets and list spacing all messed up.,https://www.reddit.com/r/learnpython/comments/hrzoau/brackets_and_list_spacing_all_messed_up/,self-post
2020-07-16 02:28:31,Ultranimbus,Clean way to get input from user in while loop,https://www.reddit.com/r/learnpython/comments/hrzmy8/clean_way_to_get_input_from_user_in_while_loop/,self-post
2020-07-16 02:11:50,JoyousButtScratches,Installing PySide in a conda environment. (Python 2.7),https://www.reddit.com/r/learnpython/comments/hrzd7m/installing_pyside_in_a_conda_environment_python_27/,self-post
2020-07-16 01:58:46,DarkOmenXP,Installing modules in a USB,https://www.reddit.com/r/learnpython/comments/hrz5pp/installing_modules_in_a_usb/,self-post
2020-07-16 01:55:18,98fruhs,What should I learn next?,https://www.reddit.com/r/learnpython/comments/hrz3kp/what_should_i_learn_next/,self-post
2020-07-16 01:44:44,Alpha-Seirra,Covid-19 tracker for my university,https://www.reddit.com/r/learnpython/comments/hryxdl/covid19_tracker_for_my_university/,self-post
2020-07-16 01:31:52,awais_04,Need Help - Beginner,https://www.reddit.com/r/learnpython/comments/hryps4/need_help_beginner/,self-post
2020-07-16 01:31:50,mythrowaway0852,memoryError when trying to calculate cosine similarity of a sparse matrix,https://www.reddit.com/r/learnpython/comments/hrypr7/memoryerror_when_trying_to_calculate_cosine/,self-post
2020-07-16 01:19:57,BigDaver_,Can't get any output for my defined function in PyCharm?,https://www.reddit.com/r/learnpython/comments/hryip8/cant_get_any_output_for_my_defined_function_in/,self-post
2020-07-16 00:58:48,skrrrrt231,Question about a python listener!,https://www.reddit.com/r/learnpython/comments/hry60u/question_about_a_python_listener/,self-post
2020-07-16 00:51:21,AHotBustyAngel,Selenium keeps sending keys out of order,https://www.reddit.com/r/learnpython/comments/hry1k9/selenium_keeps_sending_keys_out_of_order/,self-post
2020-07-16 00:44:03,Martin_Krum,Project problem,https://www.reddit.com/r/learnpython/comments/hrxx26/project_problem/,self-post
2020-07-16 00:37:07,stman03,"What are map(), filter() and reduce() used for?",https://www.reddit.com/r/learnpython/comments/hrxsas/what_are_map_filter_and_reduce_used_for/,self-post
2020-07-16 00:35:48,rossm202,Dictionary Time Formatting,https://www.reddit.com/r/learnpython/comments/hrxrbx/dictionary_time_formatting/,self-post
2020-07-16 00:35:20,Sans-Fish,In need of advice regarding HTML!,https://www.reddit.com/r/learnpython/comments/hrxqzq/in_need_of_advice_regarding_html/,self-post
2020-07-16 00:32:37,atomitac,Pandas: Create one three column dataframe from two different value_counts dataframes,https://www.reddit.com/r/learnpython/comments/hrxp81/pandas_create_one_three_column_dataframe_from_two/,self-post
2020-07-16 00:31:35,chop_hop_tEh_barrel,Deploying Dash (Flask) to Azure - WARNING: Could not find virtual environment directory,https://www.reddit.com/r/learnpython/comments/hrxoj9/deploying_dash_flask_to_azure_warning_could_not/,self-post
2020-07-16 00:28:40,Sheshyshesh,Help with end of statement expected,https://www.reddit.com/r/learnpython/comments/hrxmp4/help_with_end_of_statement_expected/,self-post
2020-07-16 00:28:39,MadScientist700,How do I make a network chess game in python???,https://www.reddit.com/r/learnpython/comments/hrxmoq/how_do_i_make_a_network_chess_game_in_python/,self-post
2020-07-16 00:25:54,slugmynuts,Having trouble creating pixel reader,https://www.reddit.com/r/learnpython/comments/hrxkxo/having_trouble_creating_pixel_reader/,self-post
2020-07-16 00:20:46,poo_poo_and_pee_pee,subprocess.Popen not opening programs on macOS,https://www.reddit.com/r/learnpython/comments/hrxhex/subprocesspopen_not_opening_programs_on_macos/,self-post
2020-07-16 00:20:39,aboutyblank,Getting this error on Linux with requests - SSL: CERTIFICATE_VERIFY_FAILED] certificate verify failed: unable to get local issuer certificate,https://www.reddit.com/r/learnpython/comments/hrxhco/getting_this_error_on_linux_with_requests_ssl/,self-post
2020-07-16 00:12:30,Phasmus,What's the best way to store literal strings outside of my python code?,https://www.reddit.com/r/learnpython/comments/hrxc4s/whats_the_best_way_to_store_literal_strings/,self-post
2020-07-15 23:51:53,TotallyWillem,Webapi with Flask errors,https://www.reddit.com/r/learnpython/comments/hrwycc/webapi_with_flask_errors/,self-post
2020-07-15 23:48:53,xxthelonarxx,My first program,https://www.reddit.com/r/learnpython/comments/hrwwew/my_first_program/,self-post
2020-07-15 23:48:43,siDDaker,python mouse icon recognition,https://www.reddit.com/r/learnpython/comments/hrwway/python_mouse_icon_recognition/,self-post
2020-07-15 23:45:02,acipi9,"Fill form, edit and save",https://www.reddit.com/r/learnpython/comments/hrwtz8/fill_form_edit_and_save/,self-post
2020-07-15 23:42:59,marcusBrown48,Does Pandas dataframe.at[] method work if being called from inside a function?,https://www.reddit.com/r/learnpython/comments/hrwslx/does_pandas_dataframeat_method_work_if_being/,self-post
2020-07-15 23:40:56,quarky_uk,Parsing response from API call,https://www.reddit.com/r/learnpython/comments/hrwr9g/parsing_response_from_api_call/,self-post
2020-07-15 23:37:41,BoyMeetsTurd,Adding a new command/parameter to a CLI tool,https://www.reddit.com/r/learnpython/comments/hrwp51/adding_a_new_commandparameter_to_a_cli_tool/,self-post
2020-07-15 23:36:49,SnipingMan18,i downloaded flask_wtf yet it won't work pycharm doesn't seem to recognize it what to do?,https://www.reddit.com/r/learnpython/comments/hrwojl/i_downloaded_flask_wtf_yet_it_wont_work_pycharm/,self-post
2020-07-15 23:23:22,roshunepp,Read_sql in MS SQL with temp tables,https://www.reddit.com/r/learnpython/comments/hrwfis/read_sql_in_ms_sql_with_temp_tables/,self-post
2020-07-15 23:18:02,conhobs,nested dictionary parsing,https://www.reddit.com/r/learnpython/comments/hrwbxr/nested_dictionary_parsing/,self-post
